{"scores":[{"chapterList":[{"categoryList":[],"categoryName":"Φρούτα"},{"categoryList":[],"categoryName":"Αντικείμενα"},{"categoryList":[],"categoryName":"Ζώα"},{"categoryList":[],"categoryName":"Χρώματα"},{"categoryList":[],"categoryName":"Σχήματα"},{"categoryList":[],"categoryName":"Επαγγέλματα"},{"categoryList":[],"categoryName":"Σώμα"},{"categoryList":[],"categoryName":"Τοποθεσία"},{"categoryList":[],"categoryName":"Οχήματα"},{"categoryList":[],"categoryName":"Ενέργειες"},{"categoryList":[],"categoryName":"Συναισθήματα"},{"categoryList":[],"categoryName":"Εποχές"},{"categoryList":[],"categoryName":"Μήνες"},{"categoryList":[],"categoryName":"Ηλεκτρικές Συσκευές"},{"categoryList":[],"categoryName":"Αφαιρετική Ικανότητα"},{"categoryList":[],"categoryName":"Αυτοματοποιημένες Πράξεις"},{"categoryList":[],"categoryName":"Ερωτήσεις Κλειστού Τύπου"},{"categoryList":[],"categoryName":"Εντοπισμός"},{"categoryList":[],"categoryName":"Μέρες Της Εβδομάδας"},{"categoryList":[],"categoryName":"Αντιθετικοί Προσδιορισμοί"}],"chapterName":"Αναγνώριση"},{"chapterList":[{"categoryList":[],"categoryName":"Ορισμοί"},{"categoryList":[],"categoryName":"Συμπλήρωση προτάσεων"},{"categoryList":[],"categoryName":"Ήχοι"}],"chapterName":"Κατονομασία"},{"chapterList":[{"categoryList":[],"categoryName":"Αντικείμενα"},{"categoryList":[],"categoryName":"Επαγγέλματα"},{"categoryList":[],"categoryName":"Ενέργειες"},{"categoryList":[],"categoryName":"Αλληλουχία Πράξεων"}],"chapterName":"Συσχετιζόμενες Έννοιες"}]}